[
  {
    "_id": "5c0a28d7a647437fd3d3a6aa",
    "index": 0,
    "guid": "832f1af4-fb18-4ba8-b032-f4cbf343dbe9",
    "isActive": false,
    "balance": "$3,806.93",
    "picture": "http://placehold.it/32x32",
    "age": 20,
    "eyeColor": "green",
    "name": "Grace Berry",
    "gender": "female",
    "company": "RODEMCO",
    "email": "graceberry@rodemco.com",
    "phone": "+1 (814) 555-3298",
    "address": "698 Kansas Place, Bethpage, Louisiana, 7695",
    "registered": "2015-12-09T08:21:48 -06:-30",
    "latitude": -65.630631,
    "longitude": 131.991768,
    "tags": [
      "eu",
      "id",
      "fugiat",
      "deserunt",
      "nulla",
      "proident",
      "laboris"
    ],
    "friends": [
      {
        "id": 0,
        "name": "Small Pena"
      },
      {
        "id": 1,
        "name": "Sherry Mayo"
      },
      {
        "id": 2,
        "name": "Medina Mcclain"
      }
    ],
    "greeting": "Hello, Grace Berry! You have 1 unread messages.",
    "favoriteFruit": "strawberry"
  }
]